{
    "train_avg_loss": [
        0,
        0,
        0,
        0,
        0,
        0,
        0,
        0,
        0,
        0,
        0,
        0,
        0,
        0,
        0,
        0,
        0,
        0,
        0
    ],
    "train_avg_acc": [
        0,
        0,
        0,
        0,
        0,
        0,
        0,
        0,
        0,
        0,
        0,
        0,
        0,
        0,
        0,
        0,
        0,
        0,
        0
    ],
    "test_all_acc": [
        0.32150537634408605,
        0.39782823297137215,
        0.26588465298142716,
        0.2583497053045187,
        0.22695738354806738,
        0.2891809908998989,
        0.26119402985074625,
        0.25073170731707317,
        0.212,
        0.3080568720379147
    ],
    "test_avg_loss": [
        7.065753264599065,
        7.363175121386438,
        5.9571875763600755,
        6.054404258636261,
        5.988133724587929,
        5.431109923235307,
        6.270771428933794,
        6.201758184844477,
        5.6225874800774704,
        6.292223571846853,
        6.529441555096227,
        6.1232117862368725,
        6.253621837196112,
        7.349076107069777,
        6.1143844606659625,
        6.309994444069639,
        6.772692188888584,
        5.5190301745524035,
        6.335716972326749
    ],
    "test_avg_acc": [
        13.87,
        16.470000000000002,
        21.93,
        22.14,
        23.98,
        24.97,
        23.62,
        25.290000000000003,
        25.779999999999998,
        24.77,
        25.009999999999998,
        25.900000000000002,
        26.44,
        23.65,
        28.02,
        26.810000000000002,
        25.8,
        30.2,
        27.91
    ]
}