{
    "train_avg_loss": [
        0,
        0,
        0,
        0,
        0,
        0,
        0,
        0,
        0,
        0,
        0,
        0,
        0,
        0,
        0,
        0,
        0,
        0,
        0
    ],
    "train_avg_acc": [
        0,
        0,
        0,
        0,
        0,
        0,
        0,
        0,
        0,
        0,
        0,
        0,
        0,
        0,
        0,
        0,
        0,
        0,
        0
    ],
    "test_all_acc": [
        0.5524718126626192,
        0.7081081081081081,
        0.3368200836820084,
        0.40499306518723993,
        0.6172922252010724,
        0.2417860151642797,
        0.6536312849162011,
        0.617704280155642,
        0.5539858728557013,
        0.3575757575757576
    ],
    "test_avg_loss": [
        2.411875245252974,
        4.180912997758234,
        6.402715160465742,
        3.4478491711471833,
        4.973674079027468,
        6.698706620043291,
        4.007681144424346,
        4.782290103679652,
        3.5277109080123052,
        2.6673010978368525,
        2.9393135391289666,
        2.6147321087128192,
        4.256302836115236,
        3.5087770363035573,
        2.3554505447064726,
        2.736258074273195,
        3.3479781898366126,
        4.217830353679044,
        3.4899207534297836
    ],
    "test_avg_acc": [
        42.14,
        36.559999999999995,
        35.33,
        44.25,
        40.339999999999996,
        28.33,
        43.82,
        41.08,
        46.81,
        48.65,
        51.31,
        51.21,
        42.21,
        48.66,
        56.08,
        53.89000000000001,
        51.1,
        46.160000000000004,
        50.74999999999999
    ]
}